347q2106gk.jpg,139
izedjsquor.jpg,148
rvn71yckqu.jpg,153
dmjfravkqo.jpg,115
a2z57xc4jf.jpg,8
xg8lt09fsv.jpg,75
ls6kdpgmxr.jpg,121
crilf5enta.jpg,211
niag2opwjd.jpg,63
c1ba5t8o92.jpg,184
fk7d8lg1vw.jpg,137
fp1gkw2u93.jpg,75
fn8ue5t4ap.jpg,148
u4stoagwp1.jpg,215
5lo8r9jyeh.jpg,157
uldh4w7bqr.jpg,71
52wz6ckjah.jpg,61
fl49dcj60u.jpg,78
kswb8pmjt5.jpg,199
av37tm40xq.jpg,99
y5qbdhfu07.jpg,166
6yvsjl3tb4.jpg,76
f1o3x6s2n0.jpg,77
2ln8p7k6o5.jpg,120
dil4hoyu57.jpg,94
otbhpuf7my.jpg,145
h0p18vl6fr.jpg,192
8e12fhwlsu.jpg,76
ik026c5mvx.jpg,129
9n726loid8.jpg,84
w0p5os9myb.jpg,200
32fzagoneb.jpg,54
1kt9palgbf.jpg,63
lw3q2d7xco.jpg,207
dun86e9x2s.jpg,96
sberz5dlxf.jpg,8
qbuavtldoj.jpg,59
aw15o7zhqj.jpg,131
gtjxz6e5co.jpg,147
5tebim3lx2.jpg,50
zjf9rqgxu0.jpg,35
ucbqs9j51z.jpg,105
xcz65ha2sf.jpg,205
by0ok4fxzl.jpg,55
37ljg2i5vw.jpg,112
itb01ryodm.jpg,53
bprjgest20.jpg,171
wtfb90cihg.jpg,137
k8mlxtzvho.jpg,196
snfirgdj6h.jpg,157
15tsi03djc.jpg,116
zeyjtp6uwn.jpg,170
zwmby0rk5g.jpg,160
giexlnho16.jpg,177
zst40rh35g.jpg,177
82yvo75zqx.jpg,44
4ucan0q26o.jpg,204
ervm2c3sgw.jpg,84
fm0itkjurl.jpg,69
7tl31zpuyg.jpg,70
7p5qb6i82m.jpg,178
eftr73k51n.jpg,24
w1kuy2fi6o.jpg,48
dnlfqi2oxu.jpg,37
xpwsfu178t.jpg,38
5yp3tnqvcd.jpg,6
ne81rvduqx.jpg,199
9behtc6usp.jpg,181
tsmxauhpkr.jpg,121
s7malrd3gf.jpg,124
tcsg7d58i3.jpg,164
2qyjkac5xr.jpg,106
l9s2g34zri.jpg,137
1l4enr6axm.jpg,15
ioh62pzxwt.jpg,79
43zli5mu1h.jpg,96
ehu1cb8rx3.jpg,201
1dyz2gk7br.jpg,32
u6cfite01s.jpg,14
8q7103xz24.jpg,202
tou3f7pmi9.jpg,209
xfzau2k4et.jpg,189
lqbphe7w8c.jpg,168
vg6mpcyhri.jpg,100
gx30a61mz2.jpg,13
0evyz4ogbj.jpg,110
9oq2agxm46.jpg,179
u3zy6qmi85.jpg,137
eznm5d8y2k.jpg,51
pbw6l412uc.jpg,125
kwdxvj6cs3.jpg,100
c9h2wi3fmu.jpg,73
0znihwd17c.jpg,98
6psb2z0eox.jpg,185
vy1ohxusw3.jpg,170
ti4lrx075p.jpg,66
1v2gcmxqw0.jpg,198
4udy6c9jiq.jpg,181
zkj614brlh.jpg,150
nurf8e7516.jpg,45
6g5sm1idlk.jpg,98
zyebproc9x.jpg,85
cnk49yz1ui.jpg,83
ilpcnh3m7v.jpg,134
7pe9jwq84x.jpg,151
tjyg0bhe3u.jpg,72
5kabs4q6m2.jpg,68
91q3vhg7yb.jpg,122
xhegwmkblc.jpg,200
9tirxpf3u2.jpg,175
9op25q8awv.jpg,101
nmphylx1id.jpg,47
kgz46toidh.jpg,75
crbfd3hi0o.jpg,48
5hezj6917n.jpg,42
5vhtxdopna.jpg,68
310fyoh8jx.jpg,43
uas572eblf.jpg,90
w2mx1arjse.jpg,86
hsxm2jv71o.jpg,75
brhtju6dwl.jpg,40
9yegr5ltuv.jpg,213
i4oeb980pu.jpg,128
y7n9rut2sc.jpg,217
f5snyu1k3v.jpg,139
dyw6jagi1l.jpg,198
9lm34anut8.jpg,39
2391qpv8cs.jpg,168
9suwm26rgz.jpg,78
j4n5d1xrsh.jpg,126
jktye7hw5f.jpg,164
s9iq8lnv3h.jpg,4
5uj9yevrk6.jpg,182
gakfqev36t.jpg,201
cr0hiywvua.jpg,130
id1qmeu2ks.jpg,217
r4yhvjs869.jpg,211
h10j36uy92.jpg,152
w0jr43t62f.jpg,24
p3u9d6hnct.jpg,37
58lrkijwg2.jpg,190
2ex1dclf3w.jpg,72
dj2ef18ns0.jpg,88
ivmdapy6lf.jpg,124
u8enxy02os.jpg,159
oqcu2nfrt3.jpg,22
5vnxlcpw8j.jpg,167
xtsrvfcw5e.jpg,188
iwhp0271c6.jpg,205
nhs2oz6q7g.jpg,218
v8r0iotj7s.jpg,130
8apt9hu4rs.jpg,48
9y7sv8xqc2.jpg,0
ncur7qwv5t.jpg,203
dmkrnea8xl.jpg,201
el1audwz4v.jpg,174
4keqwaotvy.jpg,25
meu0khftby.jpg,41
2cna7gw95u.jpg,101
69ktyrim7u.jpg,197
yrqh5dvngz.jpg,215
qzk1owcvjh.jpg,180
egpvrou3d7.jpg,5
64oj0qtw91.jpg,98
cbinfhqu52.jpg,6
spvjet76mi.jpg,73
3mankqhup7.jpg,66
5bfoe3qsrn.jpg,85
kbpiqo43df.jpg,179
xc0es58hml.jpg,10
l82nfm3rga.jpg,108
8si0wlpuk1.jpg,8
v84esc5hwq.jpg,11
o6tahpz3nb.jpg,49
zxa49ovwe3.jpg,30
ukjvo7164e.jpg,25
7atixbyj3o.jpg,112
3c2hnxmybs.jpg,62
mgn81z9kc3.jpg,8
r3978nexs6.jpg,81
bwvq2jyt6k.jpg,101
f2ctg7am8n.jpg,102
pj8vfa1bdy.jpg,195
sf17odkbla.jpg,71
kzr6538ch9.jpg,68
4q8xdtenur.jpg,163
t5e3c8injg.jpg,150
ebguj8d9of.jpg,108
0s8dp7i69a.jpg,51
uiwjd186sa.jpg,177
ebyk9ncgfu.jpg,200
pd368gxnhf.jpg,36
bgufami6hn.jpg,153
ge18s4wp56.jpg,48
m5adzh1bni.jpg,7
fjadmcgl41.jpg,148
bro8zmsce3.jpg,181
w9cspv37qg.jpg,45
wy1jzlasc4.jpg,64
lhtjb3x8z7.jpg,127
mzvitn8loc.jpg,39
oubn0i65fw.jpg,6
s91hm6tyv4.jpg,173
sicx6lo4eu.jpg,133
2xu3jb9w4c.jpg,70
p1z3b6k7h9.jpg,143
baku276tdm.jpg,121
y1ihq6ufs8.jpg,105
0tzkesu7vh.jpg,60
6cflj4txud.jpg,129
vagjs43dwb.jpg,23
3pe0du57w2.jpg,69
v1wcsaxyu7.jpg,80
49mgbl6kjf.jpg,51
mv6bwf7rj9.jpg,34
t2hz0g5uk7.jpg,74
ef1hxjb78k.jpg,89
m9tzlx0rao.jpg,145
cwhpj7uxv4.jpg,88
qtgzdo8u0b.jpg,81
v73wolg049.jpg,144
9qrse3z2pc.jpg,42
rj1ehkny3c.jpg,218
it3s850frc.jpg,167
8lcp4yodei.jpg,99
96s3t71azm.jpg,118
y3scgxkje4.jpg,159
m46b1xciyl.jpg,91
9aczodugf4.jpg,40
g0qr15bjsc.jpg,24
zdy20axn9i.jpg,55
6il7z1utsm.jpg,130
ms8jy9hgi5.jpg,15
m37z861b4x.jpg,150
j6qpndl9ts.jpg,2
786ioag1u5.jpg,138
1vsnjdzkxc.jpg,77
msy0lv2zxr.jpg,161
dgjyl45eta.jpg,161
9fciv6nbap.jpg,94
ez3jfhi6w7.jpg,132
2sw6jh5c9g.jpg,7
60sqle9mu2.jpg,72
jmlezkuxg7.jpg,4
kwcdlxb4q1.jpg,19
du5yvhek2g.jpg,107
fu7tazsdly.jpg,145
remdslgt0u.jpg,55
pw7cqy341x.jpg,92
i0pa34tsgm.jpg,152
6aheo298kp.jpg,91
frvu65iwbj.jpg,40
zwh3lyv75s.jpg,122
uiw20z98n5.jpg,69
frajd51omh.jpg,20
r4kt1axpl5.jpg,150
hcmxv6lowe.jpg,106
hatm23fb94.jpg,99
tdybfg0ra5.jpg,172
ip4872akng.jpg,202
9zmjrkpvxq.jpg,178
mxb7i031z6.jpg,122
3f47vrk21p.jpg,167
kyj39i1n7r.jpg,16
0zjbvpworf.jpg,167
19au3ysioc.jpg,147
mp0rbu9as6.jpg,214
i97lxag30z.jpg,123
59gdl1w3kf.jpg,175
7omq8vwl04.jpg,166
mo8gw4rhsx.jpg,5
i0hv8t193j.jpg,202
umdhk3iab4.jpg,52
kswn13567i.jpg,3
583xman1vi.jpg,204
p8ai47w5nf.jpg,207
igqykm5l7t.jpg,184
ta5v3sn0dw.jpg,184
6w194bklhi.jpg,89
cfxu2etmd3.jpg,93
5isz8tmbnc.jpg,45
dovsjhtupi.jpg,153
05tdemvcqx.jpg,103
7e2gpbayzn.jpg,95
uswt82c3f7.jpg,31
jg981fqt0k.jpg,142
wrqk0si3db.jpg,162
p2ojvfrt7q.jpg,63
7nk4tehbil.jpg,71
4gju5wsr3a.jpg,4
97ce0yjsq8.jpg,160
wo56q7gun2.jpg,206
atvix0fwnq.jpg,218
cdl87xvigj.jpg,198
tn56aeowc1.jpg,149
v9qn60s7ay.jpg,106
2mrz7of1j9.jpg,104
k2q6us3z17.jpg,57
m97xzqfvsb.jpg,203
utg5o0ih6z.jpg,1
0ndfk7y2jv.jpg,128
4vh5ey82nj.jpg,117
n827e3axgz.jpg,72
ou4cftbxn8.jpg,45
8k9mz4ytfb.jpg,65
w2v9tap7iz.jpg,27
vpn29j6fq8.jpg,218
fb0xpjqrng.jpg,125
0d9ucgfmy6.jpg,135
nutdf6w8se.jpg,71
aobskuzt4f.jpg,120
gxu3rhn1bf.jpg,193
86fch2t1s7.jpg,212
8b7fj6cqh2.jpg,10
gsd4y3xcf5.jpg,192
utsd5lnm0y.jpg,13
j8l7rb6x2d.jpg,42
fwihzlqe7b.jpg,33
t6d89h3fy2.jpg,86
xouyq5lr63.jpg,124
4mnb3ijfgx.jpg,145
g4qtx1rf5b.jpg,97
6j5uxb0as8.jpg,177
403kzd58gw.jpg,23
fladmy8sg2.jpg,155
83hvr51w6g.jpg,136
hia3lf4sjd.jpg,146
2e9cqb73xg.jpg,140
5fh7zcp8ny.jpg,203
vpk6t0sno2.jpg,135
f97e0ia5yq.jpg,65
k40l7vaw3p.jpg,73
745f9kaumw.jpg,212
g28oe73f14.jpg,115
ekocst68zm.jpg,59
r6yhpvoqi0.jpg,214
jal4ygxecq.jpg,173
qvwnolsf21.jpg,162
tq5gae4sb3.jpg,53
hrc97on1zx.jpg,13
gkvefw39ym.jpg,138
l2v3eacgt5.jpg,172
iyu1mzhdce.jpg,1
debpqcmr2j.jpg,170
r4fc2pdhzy.jpg,67
nuktpe7g6y.jpg,212
yjark5bls2.jpg,124
zh69avu24k.jpg,103
a7e0ohzlr4.jpg,10
g8f2c0m4lk.jpg,54
6cme1zkb0p.jpg,63
18roqtwzmx.jpg,157
8vbapirnk9.jpg,134
t6un7lvw3y.jpg,11
sguq8n5mr4.jpg,57
ldjerftmus.jpg,165
ckjfi4d2xe.jpg,95
0kv8j7wohr.jpg,18
283irngatu.jpg,195
s3ckja17tw.jpg,21
29nogjzqm4.jpg,91
ci2kay7bxh.jpg,189
ze5vlg1f0u.jpg,100
wtfimkcv8u.jpg,19
02sx9ijfd6.jpg,49
z29e6d5tai.jpg,179
7ul5v2gzmi.jpg,175
iu3cvdwa7p.jpg,165
tpdhqy0mij.jpg,76
ftxyp7ma6n.jpg,154
l0do9qfg4u.jpg,196
lmwtoh38a9.jpg,124
lq405pergk.jpg,87
t5a8kuoil6.jpg,98
hfyw5g6a1k.jpg,200
hc48mgfuei.jpg,165
ejzbtvr415.jpg,191
zhwtxjn53c.jpg,208
xstdcqruzm.jpg,30
go7r4mdlxp.jpg,200
ujnlxyk028.jpg,158
06uasyi3nt.jpg,120
hpyzt8gdwo.jpg,116
5dcobplzfh.jpg,164
zv310diysc.jpg,201
ocxytn405s.jpg,129
8blaev976r.jpg,204
p3mrfz0dj5.jpg,196
5ct0bsjr67.jpg,113
kol0dbpm34.jpg,216
vde7r4uy8g.jpg,215
96w1lsatxu.jpg,3
pxlv3wk45b.jpg,150
ywet5k4csu.jpg,133
bzg6j9rw2v.jpg,160
u9rkgts3ma.jpg,98
z9ore680uf.jpg,203
j34emd928b.jpg,198
v30pbxnfd7.jpg,168
horgyf4m3q.jpg,83
ivgqkwmds2.jpg,82
pvf8oy7gm0.jpg,6
zwnc62gvtp.jpg,192
jt0sfa4wz8.jpg,35
gfdtk9amx3.jpg,214
n4tmupzhvr.jpg,86
bsj3yf0q5a.jpg,77
gk94th31c6.jpg,156
dika3b79vm.jpg,184
is7n8254rh.jpg,126
oyhrqla1dg.jpg,4
rtuzqw2ekb.jpg,25
4uj97trdgs.jpg,17
jreu7hawcg.jpg,193
sk3rb1in7f.jpg,57
t2u5yhlsfw.jpg,186
rmf6ha1wqz.jpg,112
dzcoxpkt0g.jpg,64
u8si09zra5.jpg,54
m1e3loyzwr.jpg,93
xqp0dwo92t.jpg,167
3hd6c94285.jpg,104
l5xove0ysa.jpg,123
sk8hfvx20r.jpg,172
zna1vob5ke.jpg,22
pzbt8xajw9.jpg,110
2nfdbv5gz3.jpg,109
ugbyf48nv9.jpg,2
r4st9vf7lg.jpg,41
rx9av5y4zw.jpg,41
kqalpxg45b.jpg,130
c36owaezhg.jpg,118
aqwr8lx4gh.jpg,81
sz01dmrnew.jpg,54
n8wzhtysue.jpg,119
p453i6wryq.jpg,147
rfw7q5vijb.jpg,170
3xbyz5d6p0.jpg,189
p6hvrs0ow2.jpg,120
ghzbrw3oek.jpg,62
zia9kyuohd.jpg,97
7t9vkoc2pz.jpg,118
hpm9ux7qe3.jpg,127
1jf89myh73.jpg,215
72auvi8oye.jpg,39
rzp8oct4hl.jpg,34
b3dxt9i082.jpg,164
gaejc2x1yv.jpg,211
oj2kb46pqs.jpg,156
7sjyu98al3.jpg,129
i8qr01seyx.jpg,191
4j90wex27m.jpg,159
vne5f9kldo.jpg,218
dp0mcb54wo.jpg,27
a098u7fyod.jpg,156
tw71lpib0s.jpg,166
5342f170wa.jpg,62
igj8um9nbf.jpg,3
7ugpqotjzc.jpg,67
h2k8573apr.jpg,110
ejzc6fqy7m.jpg,162
xktn8crbf2.jpg,147
pqexflu046.jpg,34
8uamro2nch.jpg,20
prtfdjexg9.jpg,217
3dkx0y9ben.jpg,175
o5yftelzc7.jpg,142
m0eqa926lo.jpg,0
4b62xnfwu3.jpg,64
r475gzu3v6.jpg,146
3z4lrcpo6n.jpg,178
56xnqeco0d.jpg,208
su4akigqpr.jpg,31
hk5tisp1mr.jpg,151
heqoycvwp0.jpg,110
4bpk81twni.jpg,206
z3g7wb0pah.jpg,208
ot5afdej6n.jpg,99
4yw0hedpko.jpg,105
u9s8e1m4z0.jpg,49
5epn0r2dtx.jpg,21
0vo6mh4bi5.jpg,88
n5qhsfoke6.jpg,24
nrbxu8qi4w.jpg,92
g4fmwbo16c.jpg,43
tmd1p5iksf.jpg,203
2j8bxnh640.jpg,56
dpzw7gs8af.jpg,210
73ye0lkw1g.jpg,58
djwx65nypa.jpg,17
9mzbrqly6x.jpg,89
l8ytum4q2n.jpg,158
rtuza85pdn.jpg,32
sv53ujcf9d.jpg,210
co70xj3ge8.jpg,130
ja9crqih30.jpg,2
kjo1np6xz2.jpg,26
8yqvnu10tf.jpg,23
1y8v9uoerm.jpg,12
ehd26rgoq0.jpg,204
egb3lao857.jpg,42
2kuvwm3y6a.jpg,78
xmgld3c9ks.jpg,153
c0dxgf241y.jpg,190
qplfwcjk5s.jpg,33
6v1cxspbzq.jpg,169
7smzybq89e.jpg,132
6hqy7ud4jc.jpg,146
pjzubyw20e.jpg,187
dzwupx3lsb.jpg,20
0vkloujhna.jpg,154
8qxyeg4dmn.jpg,13
7omu1phtfw.jpg,52
gvpe7x8h69.jpg,190
m67ainphvk.jpg,36
kctujgf0e4.jpg,108
xez46twu13.jpg,117
87k9b1tnwe.jpg,66
2d8tl7v1hp.jpg,180
713yghkidx.jpg,110
ztw5agxrlk.jpg,81
2s03zy8k5x.jpg,31
pi3qt1nwxr.jpg,63
ljqhw0t68d.jpg,154
4hmutl07s3.jpg,217
84v5ui7bx3.jpg,202
2lsfjw0cog.jpg,88
igsdkhy2eu.jpg,132
j7xdriveow.jpg,4
ldkg08m549.jpg,52
6htcvonw5d.jpg,82
sxpke49az0.jpg,158
3qih2j9l46.jpg,74
ex60y4qdzl.jpg,64
e0xw97o18r.jpg,217
ezf548thpk.jpg,104
zbnmre40c5.jpg,109
aohw7c4gyt.jpg,188
58deo1cvki.jpg,209
tnlfmgi305.jpg,186
57ws9uc8oz.jpg,29
z394wdmu0n.jpg,101
7ch3afwv40.jpg,117
udxkj4910m.jpg,150
zi1nx5rjwb.jpg,28
mth6awr7c0.jpg,177
1moguienbk.jpg,47
o0s1ywk9x5.jpg,15
xvu7ysbajn.jpg,50
srye1fa6c8.jpg,129
4pxuzcvnje.jpg,111
1xlq475kg9.jpg,28
s64tl5bnk7.jpg,22
6biot3hemn.jpg,26
hfyk9wvsxa.jpg,1
4uxdhvbat2.jpg,79
ar38hlz16g.jpg,9
hanwjkuvzi.jpg,115
4hef09wsd1.jpg,53
gl1iujwoc3.jpg,53
ouat2wqhbs.jpg,117
i9j38pbdaz.jpg,82
jzlwcy1b95.jpg,116
eflc59auo1.jpg,16
vfrmch3qp2.jpg,38
x96ckwmedv.jpg,1
12skpjbwn6.jpg,139
oymw8gt2r9.jpg,156
gmkira4nzj.jpg,172
l6p9jer1i7.jpg,93
ov1gh4qdpk.jpg,198
u06tnmlfqg.jpg,96
rfzog9yhw4.jpg,95
he5gjk6m3p.jpg,25
d1bups6jy7.jpg,58
ak7oh5yqcn.jpg,210
h0c6kgzu2b.jpg,151
rij6g9qymo.jpg,183
yg90zn2vpl.jpg,178
uojyhwki0n.jpg,206
1suz7kac89.jpg,215
vltg65hypb.jpg,56
530kf2v8c4.jpg,106
dawtgnr3jh.jpg,119
xs71ci35m6.jpg,18
rowl27bhk0.jpg,18
94xm20loun.jpg,199
pqkno27xu5.jpg,142
r81kif79xg.jpg,16
b68loqufk1.jpg,58
5cdyhl23ps.jpg,27
k8iz6l9wft.jpg,74
rmaksvl078.jpg,111
spyj1k5r9z.jpg,177
52b4z9ls37.jpg,14
ciy9g5u6qm.jpg,186
gcoljt4k8x.jpg,161
ntz4yoiq0b.jpg,52
jyugwxl9nq.jpg,84
65zgysrm13.jpg,155
yr0fvd4j6b.jpg,193
ep8j1kgmr3.jpg,207
mo235tuzhr.jpg,112
n6btglxu8v.jpg,15
qy079laemw.jpg,26
ecakwboqv9.jpg,28
0e1u74idof.jpg,12
m2by3vriws.jpg,174
my5796rjxq.jpg,133
5n7309cy4q.jpg,131
1obsiaeh65.jpg,20
cmxpdeq2y0.jpg,16
y1p5g8hsq6.jpg,48
fcailxtgyh.jpg,30
fahwlr9cnu.jpg,139
p6bfo49zkh.jpg,28
i32htf7rua.jpg,64
y31pqcahlu.jpg,113
whmaysji28.jpg,24
0dwec2hx45.jpg,61
q586p7t9hg.jpg,132
l2su5jo6cq.jpg,192
kmurz63s1l.jpg,111
fot93imz1j.jpg,56
zhg3nvpq5b.jpg,7
9b65vjus28.jpg,67
qav86olr5y.jpg,89
5thdogiaum.jpg,115
084dzytmfe.jpg,41
y7kmwceang.jpg,63
e7vqtr3fw4.jpg,61
zacbk1e23q.jpg,173
m9q4rd1pn6.jpg,87
49n1retqbw.jpg,77
9grlopjwtu.jpg,191
fvqerd4c0l.jpg,103
edqpj7lc9w.jpg,11
gnq2s8olrz.jpg,38
dhnbmwe83g.jpg,67
u7lfe2nsim.jpg,51
efwqhkrutj.jpg,50
cmr3f4s8he.jpg,126
nwol3afprm.jpg,92
zpv0blo4q6.jpg,187
gtzbudeivx.jpg,57
2bxai7um13.jpg,182
j2q83shyx6.jpg,161
a75mgw4n0q.jpg,129
wkin28ve6o.jpg,216
wc6zs3l2dg.jpg,159
43tozprjky.jpg,164
ztm78n2l6g.jpg,35
3kc085ur1p.jpg,202
wmqf94xscb.jpg,110
k94dptf7eu.jpg,195
c9qztk7e6n.jpg,78
i4yt8j7bgl.jpg,5
bpa2gctuoy.jpg,11
jki3m6h81s.jpg,89
3l1h5kfut9.jpg,195
cygwl39k7d.jpg,68
mzec42h0a7.jpg,199
x6ijkeatn8.jpg,56
fuq0re67d2.jpg,119
hfe7rqdu52.jpg,49
8c2uw5prkd.jpg,188
a1mxo96lnr.jpg,37
gcwujzvh28.jpg,46
74gzbm9r3j.jpg,166
i256acudp8.jpg,83
5gonudyvb1.jpg,60
eo17mysb5a.jpg,42
2pdsgyxir6.jpg,168
2yhkn0qgt8.jpg,69
w045gb1xus.jpg,18
513i7beatq.jpg,133
v6nrahw5xf.jpg,35
o31e5sqdfy.jpg,112
pw38e2ydta.jpg,176
27zahs4k9l.jpg,27
tsd8mp3g69.jpg,114
51ylk2mdfz.jpg,143
vrtw98cbgk.jpg,111
eiomujzwpc.jpg,23
8wnz6t14cd.jpg,83
o8tbq3exvn.jpg,101
y058cohfkg.jpg,6
mngu7kwiat.jpg,20
91mqhdo0al.jpg,160
ugdlnaf61v.jpg,196
g4h79n0pte.jpg,14
se8ug03h6l.jpg,155
gtay86v4b1.jpg,78
atfmueqpwg.jpg,96
2srnlmzx47.jpg,139
d3bflyj6es.jpg,138
7d4ljiyf0u.jpg,183
dvyp5lr7zn.jpg,152
6jmp43euya.jpg,85
735gqwclov.jpg,84
hszf7v5tui.jpg,174
vlnqdkwch5.jpg,127
dxv5zfe7qn.jpg,91
8o3rfdetnl.jpg,83
c0l6gp5kan.jpg,216
74j8wsaepr.jpg,214
cxwrq10mal.jpg,79
9gdxjkpmfi.jpg,142
irxqdlm5zh.jpg,172
qb35s68pri.jpg,67
eikbvn7jmu.jpg,176
4j0agpncie.jpg,164
4py986qfen.jpg,61
i8zhjl6awn.jpg,208
qpot5x0c46.jpg,134
fz20dxla45.jpg,154
r52wvxckqn.jpg,217
gt17uawrl5.jpg,149
pkojmucirv.jpg,188
j3cyrza9fk.jpg,75
3jlcz4rnwp.jpg,144
2ke6vdnu95.jpg,132
7pcasxfwe6.jpg,22
4oxyaepql1.jpg,27
idntqsry9c.jpg,131
na4k1o5hgx.jpg,163
spz1m2eu9i.jpg,62
98uhpvlfni.jpg,1
hy7i46w2qd.jpg,81
7b6xvqj3zp.jpg,147
395ogwhz1d.jpg,71
9emabilzjy.jpg,197
r396mgclky.jpg,128
dbjq1zwkay.jpg,133
9stfkuldec.jpg,58
2hy0a68iq4.jpg,102
3c76hjmz0s.jpg,37
jdgiuf2atv.jpg,14
2dqv43cn1u.jpg,107
ck6msi4y9l.jpg,149
yrucdahpm5.jpg,54
u3zlxmvyoh.jpg,194
gntcoebrqa.jpg,138
2a7qg8pwch.jpg,134
6g58i3xt2s.jpg,197
vapz2d0e6y.jpg,200
rehgw6125m.jpg,87
q9dti6vg0x.jpg,212
1z4h7la69v.jpg,90
71moswf85d.jpg,137
rl6ybks15a.jpg,27
qz563hux0b.jpg,18
xyqj6vubkn.jpg,148
4b8opr57nl.jpg,168
yt6ha5dsop.jpg,152
6glfjz3mpv.jpg,127
irlt370pa1.jpg,206
i4txfn51vc.jpg,57
7xqltwyu2c.jpg,76
y04pfgq65m.jpg,143
jwpt8ld3n4.jpg,210
d94e8f2t0y.jpg,180
st1p3di097.jpg,123
x12ui7p6z0.jpg,120
h5bx9jv63s.jpg,2
mlep321ufs.jpg,205
vqhco1fin2.jpg,97
wkq2cxavj0.jpg,12
6xgb3nofj0.jpg,157
dhni5ryaue.jpg,195
mgi3kz5evj.jpg,194
lwvngfa3z9.jpg,159
jcnek6tpyr.jpg,81
04d6xbohpg.jpg,86
y86keuj5ox.jpg,41
u624vjlhrm.jpg,131
zqrl6bjp28.jpg,183
7kl2efju0z.jpg,52
1lezfh2jgv.jpg,215
dun0grjwb2.jpg,145
3w02s5jpnz.jpg,102
s2zpq4ijhw.jpg,33
akqw6ugcb3.jpg,197
rimyn6vfas.jpg,212
f03navzmgx.jpg,161
obn54jw0vr.jpg,59
y0u1iwft7r.jpg,60
qjnskgeudp.jpg,211
7s51m4vpr3.jpg,95
jhe6u5mwp2.jpg,2
k4usoziyq3.jpg,30
yl2mo8edt1.jpg,29
c9s8mk7qb1.jpg,31
qopugd9wb7.jpg,135
jgsdx4ofrl.jpg,83
hlja4qfiv3.jpg,141
5zalsobc97.jpg,53
vlzs3ih1yg.jpg,9
sq4jl1xibn.jpg,50
e25ibj48wz.jpg,107
zhdp3y8mq0.jpg,23
tzp5chyskx.jpg,207
8bsn9wyqhv.jpg,19
3swmn4zuv0.jpg,21
fhxet2n8zq.jpg,121
1jwyervk87.jpg,148
d2xcprsjmq.jpg,50
mrygus0lae.jpg,170
yx16p50lhw.jpg,105
nilxap196t.jpg,7
qm30pdhwvr.jpg,49
yv185rj7gw.jpg,183
si9z74bct1.jpg,77
a3gncx1vj8.jpg,199
thlb5vm2dk.jpg,173
6e1tkdvysn.jpg,168
q02ei3zgws.jpg,64
9e4d025avw.jpg,69
40pzc6lty3.jpg,47
fynkvhj7ws.jpg,73
c35m7s2oup.jpg,162
s487lo05n2.jpg,122
xf6jtcyv5q.jpg,66
5h27wke0v6.jpg,33
keh6g5lasq.jpg,36
lv91kji7td.jpg,62
oebtq036w9.jpg,73
ra2bd56zu7.jpg,103
um1hgs7kd2.jpg,3
j05ykuc2ed.jpg,28
nr0kp6a53x.jpg,181
c70rjnpzv2.jpg,113
8096orcwb7.jpg,111
ominlbqhz6.jpg,13
x839okpsr2.jpg,46
m0bc3du956.jpg,140
zgc2mnh7u1.jpg,138
va0yifgsce.jpg,74
r4w6ge2ayn.jpg,171
70wzcgx3fm.jpg,132
p648hquxov.jpg,197
dyk3prs289.jpg,180
980xodeavj.jpg,216
2hydouif75.jpg,19
lb6875n0f1.jpg,50
1czdhke8jq.jpg,77
0rv9woke27.jpg,171
9lym4ikfud.jpg,60
utnpwb4oc1.jpg,212
6y2g4zn701.jpg,12
5pnr8xzcla.jpg,93
sq5t0yoi27.jpg,203
qc48w9znxk.jpg,46
lqm4f15bdw.jpg,1
5pdmtfbclk.jpg,37
p78ksv2rdf.jpg,47
3bowep7uy5.jpg,108
c5arzvbl9o.jpg,45
pov7d2may6.jpg,55
62jfwk8lzv.jpg,65
ptogv90j7r.jpg,92
4c2dgzevt5.jpg,175
dxlzoym0wk.jpg,155
es6thuqfb3.jpg,51
29qxzcmn65.jpg,162
7zxad3oc6n.jpg,82
zhb425a9ce.jpg,207
bz0kw2u41q.jpg,144
wzanx7hd4i.jpg,109
4d576busev.jpg,149
dt172rusfy.jpg,100
alqkcy1gxo.jpg,140
gjfuxspn4z.jpg,87
bm2kodr7hn.jpg,166
khoba54v1q.jpg,43
joa3nw02l5.jpg,179
8czytpboil.jpg,175
mdhys6ipbw.jpg,95
elkqvdsnz9.jpg,104
nbtu0e4vl5.jpg,91
dojy76xpz0.jpg,204
ma4lhxk2oj.jpg,106
ent5160voj.jpg,10
b1d6yjg2s9.jpg,134
5hykev6s9f.jpg,8
zdse9yhx2f.jpg,130
nazme7v0qu.jpg,142
kqob5hm431.jpg,79
vlcxspnq92.jpg,140
a1pr5fntdq.jpg,22
v0js9w78qt.jpg,198
nsgd5kwh4x.jpg,5
y81b3dms5n.jpg,17
zjqclouebx.jpg,209
pd8uai5f4o.jpg,105
nk4710ezbf.jpg,136
nxmics6hpl.jpg,165
f9px3ngvdo.jpg,70
7ugfpnqvk3.jpg,141
4ithkjluy7.jpg,94
wragp32oh6.jpg,211
572dgxlnbo.jpg,120
ylacr28jqn.jpg,40
w16yn8vi9e.jpg,182
ka73bvsgw4.jpg,47
vzj09htfuq.jpg,90
okls31i9jq.jpg,125
1kmopz5fuc.jpg,156
nbmtws1pko.jpg,21
7vj8cfwtgz.jpg,13
iq9dog1skr.jpg,216
83labsnow2.jpg,44
zmhtnic29s.jpg,26
clhk6o2nxz.jpg,59
m3jyrhcwig.jpg,185
w1s09vhkei.jpg,135
f1p2dc4a9b.jpg,189
0txhk2rbud.jpg,36
iknats6ufx.jpg,46
73dfup40bj.jpg,109
41i3lxpjwu.jpg,153
d4jbnrxowm.jpg,33
ztbxuh3c05.jpg,185
mfj71ris36.jpg,59
kmfgnxc63p.jpg,86
gue5rkfvcw.jpg,193
j12vlyn96c.jpg,197
bvp9dksyqa.jpg,133
2qhfvy49ar.jpg,157
43q6y7vh2j.jpg,8
5c0vsrdtpq.jpg,0
dzerfmji2n.jpg,181
tcoefd47n9.jpg,144
ghk6ds48ma.jpg,56
6r7m8ku9es.jpg,115
bm2detzing.jpg,5
w2p476fkb5.jpg,174
bc4szm862v.jpg,141
9dn2gl81jf.jpg,208
0x9k2t6f5w.jpg,154
h649ynrtlq.jpg,162
0dhgmwk8ri.jpg,155
uq8ah34ryz.jpg,76
3i0nf1mx24.jpg,108
epb1slk5vc.jpg,182
5vjfmc0esr.jpg,125
3v4ja9rkuo.jpg,44
xk6y5ac7mn.jpg,190
l85cea10di.jpg,80
h6fqlrj1xv.jpg,118
ucm9b4d8gq.jpg,109
n1k08bxqa6.jpg,125
mcyk6otvzr.jpg,88
p8vfo5jxhi.jpg,6
ryknaceh6p.jpg,181
m4kyof9aiz.jpg,182
1gjn5y6bur.jpg,93
ezb0rh8u9k.jpg,74
9gdj4pk5t2.jpg,35
9p7hk5js3m.jpg,29
7v3tgx4bd5.jpg,26
vl1428dwke.jpg,114
z6thvaegw1.jpg,91
rnlsbkvag1.jpg,108
g86p97ro3x.jpg,61
w0zrhsx8a7.jpg,163
dc569pbi73.jpg,131
q73wjh58o0.jpg,117
fdu860m1qp.jpg,125
wkrlf1dx5e.jpg,128
fjqnux9goh.jpg,206
mh8voqnc2i.jpg,51
5t0c9zgjni.jpg,9
ry04hntfju.jpg,193
re3fbzd9pg.jpg,24
9cmg8zjqw0.jpg,107
fwnkx53drh.jpg,153
2cjmveo601.jpg,208
cwb9yxl5og.jpg,186
2ir0kwam6n.jpg,38
4lmuj1hkqx.jpg,116
zcjqhoyiun.jpg,2
fa1c0jnh4x.jpg,119
c5mq78lotn.jpg,204
8j346nlemt.jpg,70
cmoxga5uye.jpg,194
cmsbgpvzn1.jpg,161
zrg1i5j2vt.jpg,201
s80pe1vx7q.jpg,158
zq09k7cio5.jpg,173
04kxsd2rf9.jpg,94
3kt9eydpls.jpg,166
976z1okqsi.jpg,160
0cwbio2hfn.jpg,187
ib2srkuzn7.jpg,107
9dejskrapn.jpg,102
uxjqrhm8gi.jpg,3
obnsep3qfk.jpg,128
qtb85i3wfx.jpg,47
fdlsrbpn6c.jpg,211
finhpu42jd.jpg,117
wrsndgyjzf.jpg,141
tyo4s5rfwd.jpg,71
sfpl27c5ug.jpg,30
wufv7951st.jpg,165
wnej37o2t6.jpg,171
7bd5rgnem3.jpg,20
692b4mx71j.jpg,90
gh1alfj0np.jpg,14
xzuk9ijngd.jpg,154
8xbjve4m96.jpg,9
j5y6u79ahe.jpg,80
rosyj7vptc.jpg,98
ceqla6dbhk.jpg,126
fmlduinej5.jpg,113
wrk8zm9vyd.jpg,192
1hm8ijb0vk.jpg,55
vwuz47enho.jpg,122
dj7brs8oc4.jpg,169
6sp0wd7hk3.jpg,21
58x4ewncgu.jpg,151
bc1lwy746q.jpg,82
6fgo3dbp7y.jpg,138
rjk1pd2izt.jpg,44
j8xwygreh0.jpg,185
5sazegv4pl.jpg,196
7zn2ew58ot.jpg,65
jyqmzv45nb.jpg,32
y72lj3tbc5.jpg,48
8dlnvz3hoq.jpg,158
bd2ex9vzit.jpg,171
s2365oub10.jpg,207
grlqzhnyok.jpg,29
gm0phedti6.jpg,201
fzy0gind52.jpg,123
r1dmxfsp7z.jpg,194
qnwsrv7xbj.jpg,36
3jpy6cmnbr.jpg,15
1bysp7e9xv.jpg,105
6ub9qf1jwn.jpg,60
b6xcngshzv.jpg,86
mc1zkvsjao.jpg,186
jdlvzi6w70.jpg,39
f6qwen3jub.jpg,96
c8ljawbk2e.jpg,69
lmkbtd2os3.jpg,174
0gawub3e76.jpg,156
oityd6pfcv.jpg,94
fi4puxkgel.jpg,205
dj7ts985m2.jpg,119
g4bfk75vse.jpg,176
hbt1u8cgqi.jpg,16
qpwey27tzi.jpg,139
su6va3qtxj.jpg,93
h2ilu45qn1.jpg,124
43jkmp0i1y.jpg,147
boi7lua65j.jpg,145
mryvho0az7.jpg,140
c0p1uheoa2.jpg,115
vwgaj8x36h.jpg,122
xu18p0nm7z.jpg,146
e9jhyfd1l3.jpg,111
c94qdzx2r0.jpg,26
93q4ezcbo6.jpg,143
zft9e6qnu0.jpg,53
q6r8ybzv53.jpg,119
ch287fbnt5.jpg,206
216ulqy9je.jpg,59
x7fuqrtgv8.jpg,131
v9430rfi7h.jpg,68
8fd0qkbhiv.jpg,66
x3cvawts9r.jpg,34
5jr6x2y9p8.jpg,0
niky1zwp74.jpg,0
ma9yv2sjxt.jpg,40
ktu314bvyz.jpg,218
mt2fb8ulw6.jpg,155
6sq4gjcyiz.jpg,97
ixz2fmh8bw.jpg,45
qvarj98tx2.jpg,104
3vowbsjg06.jpg,85
fsrk4cpo31.jpg,101
7c1elmvr8d.jpg,72
sj7r4dwhbu.jpg,193
l1yvdh5qc2.jpg,113
caw74fr85s.jpg,167
cquods1her.jpg,39
5qf8da31bp.jpg,183
p0217wde3i.jpg,10
r8yq5o2teh.jpg,19
l4x3916bvg.jpg,34
g06y4dovqm.jpg,142
lvk5f426zp.jpg,38
tcrnmkq8a9.jpg,191
8p0mzl9den.jpg,148
zf9yqcuhxa.jpg,113
b6e3fr42op.jpg,96
k43o7mg5qj.jpg,36
u34vhrwpjz.jpg,176
ojxnaeclv9.jpg,18
cn7mhqkb39.jpg,38
n58zrgfm1e.jpg,195
szedxk2m39.jpg,54
ayezh6x1l7.jpg,202
698x4lkaec.jpg,192
6gvxae72p3.jpg,209
w03b5ogfxk.jpg,76
kx7trgw62n.jpg,100
0j2v53fyn1.jpg,184
1wgtc42meh.jpg,118
tjmexq84vh.jpg,141
dzxflg07yu.jpg,73
6yrugso0tw.jpg,135
wkfo51b628.jpg,112
vz03waghuq.jpg,151
hza1p7umoe.jpg,135
0li9wram6f.jpg,32
3fihwbdlt2.jpg,159
t26js3x1oe.jpg,57
3lw8i1mpa2.jpg,144
bgwtk4fx1y.jpg,11
46xw80hkz1.jpg,49
v3e2mxsay1.jpg,137
n817licgxt.jpg,41
e5g7qz1ojr.jpg,128
1alfpuo7wx.jpg,31
9saepkyoud.jpg,29
lpug4vqy50.jpg,179
uaeli2v5sy.jpg,205
lf4n7pykm0.jpg,210
olsmwqdjyg.jpg,176
o0vyajcu6m.jpg,205
sjiv809m7g.jpg,169
39y6ns5mcb.jpg,89
s7i0ozbqn5.jpg,72
aq82wxf7e5.jpg,107
nih2x0zmsk.jpg,62
2gjuevhqxa.jpg,169
odkh4zs8e3.jpg,7
qdcpk1wolf.jpg,60
dqy7p98r6b.jpg,58
q64mcxwlge.jpg,7
6lcuzxyb7j.jpg,17
kja4qcs2lx.jpg,87
i723kbzohc.jpg,56
rs0h2nfg7o.jpg,29
buf13ed58p.jpg,187
azrm16swlc.jpg,85
nj8xhiabum.jpg,187
2dhpo9n1g4.jpg,90
umpsk05tzq.jpg,134
onbzlwsvxg.jpg,9
2jog39e7u1.jpg,68
hmlj0ugqxt.jpg,188
xq3klre8yn.jpg,25
54tsmdypza.jpg,44
lzrafugvc9.jpg,214
cohydrglfv.jpg,92
pab2fg95dj.jpg,42
96qs4uianl.jpg,102
1enqlvtxo6.jpg,17
h64sxmupyk.jpg,58
2cepd1oy7t.jpg,75
q6arbd4uec.jpg,194
905ixmp3kb.jpg,158
m0yqtdbjgv.jpg,33
l67e9khvj4.jpg,210
e81wtuhipc.jpg,70
y7hvrlko0e.jpg,97
smhd3q9uj7.jpg,12
3xk1wopr6s.jpg,99
4v3cegh9ly.jpg,126
a7qzs8ct4u.jpg,43
gxbmepi5r0.jpg,123
v0xtd49gr5.jpg,106
2tnuikdfbp.jpg,15
bgndar2653.jpg,61
q8v6mupkbz.jpg,19
2vzg9j1kbr.jpg,209
3ra4b0zjon.jpg,92
lc624gq0dx.jpg,88
zgy2obdwaj.jpg,169
2nye78pot5.jpg,95
yfj4ov675x.jpg,114
3displcbjm.jpg,3
0vq9ct7mg1.jpg,30
86k7lz1i3d.jpg,190
agj4spqzex.jpg,11
50cfrwdg7o.jpg,213
5ras3dqig7.jpg,103
kcpuizryl3.jpg,216
m71sa0bgph.jpg,152
wvbs9arnp0.jpg,65
xmlwrj5pq1.jpg,10
ytosm8ecwa.jpg,186
d86mo41piu.jpg,32
ken0vxd7fp.jpg,84
gpbcinw462.jpg,16
nor2m6kl3e.jpg,180
ji0o1h9plg.jpg,170
8ne7jmo9u4.jpg,97
mev1gotzfy.jpg,37
4ejuz2nlfg.jpg,109
4x2mwfs13l.jpg,104
ivtnzhrdlu.jpg,46
x49ako6cbn.jpg,214
pirkcdqnvw.jpg,136
8wm1vegx6u.jpg,169
n6x5ezfiu3.jpg,34
7ply36k5qm.jpg,199
syr8ux9fg4.jpg,185
2uhcpewqmk.jpg,90
ql1acvdf2h.jpg,160
3rshz5gvja.jpg,46
l1m7kny389.jpg,136
atso23mhix.jpg,118
k5rqsgp1u7.jpg,179
fpcvgs20mw.jpg,151
d7qktgcmp0.jpg,31
h8m62b9jkl.jpg,140
xl4vyruk58.jpg,190
8tycj6gfzq.jpg,82
16hyv9mz8g.jpg,213
nzt9hr5se2.jpg,0
324o5bp1dy.jpg,87
xzeqtv67p3.jpg,74
qr61azm5nc.jpg,116
t4nl8x0zgb.jpg,94
ekrsxihf6w.jpg,52
qa1hdxrlu5.jpg,9
kf65se24pu.jpg,213
s0laghobxe.jpg,114
0tcrqbus31.jpg,43
8hak6n7cfv.jpg,67
pxyaiofhbr.jpg,85
07ufd3njrv.jpg,191
6c2xkabuny.jpg,79
0jfd1cxlmv.jpg,114
nlqvrh78yf.jpg,165
tpg2obxjc3.jpg,146
j3yeqihsmw.jpg,39
4hwk6nx9sb.jpg,116
s381z6kge2.jpg,102
mbhzkq65sa.jpg,163
n1gapuosf4.jpg,5
79rhbl31xe.jpg,99
pb39vfweix.jpg,14
pnthq83ob6.jpg,178
oxlestr1k6.jpg,144
1pqnt0w2gm.jpg,178
bo60lf4xgw.jpg,189
at06dxb5uf.jpg,171
57jypxbrq1.jpg,79
gilsw5xp3f.jpg,188
zbehxidyv0.jpg,4
o59cg32p1r.jpg,180
8cb1ma9rzh.jpg,126
pwtgi3klaq.jpg,136
4xpa0elowt.jpg,40
0eac5fkrg6.jpg,65
dsm74x9upy.jpg,44
m8d9vls0z7.jpg,80
uj4k7dxra3.jpg,121
ohbi3v5ng6.jpg,152
a87q3bepnj.jpg,21
l7dnj438i9.jpg,157
9hpl18m5sv.jpg,12
4plyjux7en.jpg,84
mliwhbkn7q.jpg,149
lsnqtz64w0.jpg,103
ld1ic9r84g.jpg,184
kf680wgzpe.jpg,25
pemnd7h95f.jpg,213
rq6unmv73p.jpg,185
l0pt1jsci7.jpg,127
17bz5tgpf8.jpg,80
bgu708rvea.jpg,194
macyh4zvdb.jpg,22
dxu71sivlo.jpg,114
hn7yg9elbj.jpg,32
rswgh0ne6o.jpg,173
lqb94sx52u.jpg,189
c6ahzjivgf.jpg,149
ncvzaep06j.jpg,172
53vntake08.jpg,23
vr5pb3684m.jpg,121
apbx9wfyej.jpg,163
nyhxdvtgru.jpg,143
lcdv7n1oyk.jpg,141
x3ftwo9a1d.jpg,182
qheo2tkz91.jpg,123
oj3qmpkhzf.jpg,43
a8cl2j4ge9.jpg,136
7o5kc41zsj.jpg,66
1vqyj3280z.jpg,70
ntgosahmjl.jpg,17
kp4ebq7gw6.jpg,209
9f7dkaqw63.jpg,187
dqhk25ylvs.jpg,183
8mp2y0n5gf.jpg,35
aou8vrskcw.jpg,127
cutrjadfbe.jpg,163
ux0c9nb5zi.jpg,196
n0oubk62hr.jpg,191
tb5afsk6lr.jpg,80
6acfjyq9d1.jpg,176
pinod7vjzk.jpg,213
8ekqg1j450.jpg,143
sq5fwy2hga.jpg,174
vocu0iw7hm.jpg,55
pqon0jxdya.jpg,146
utayink7ez.jpg,28
mw8dlo7yfj.jpg,100
4ib09xpyc6.jpg,78
